Job Title,Salary Estimate,Job Description,Rating,Company Name,Location,Headquarters,Size,Founded,Type of ownership,Industry,Sector,Revenue,Competitors
-1,$84K - $2L (Employer provided),"An active Adobe Workfront certification (project manager or core developer professional) along with other Adobe Experience Cloud certification (Adobe Experience…&hellip;
Skills: Business consulting, Analysis skills, Requirements analysis, User acceptance testing, Adobe Experience Manager",-1,"Deloitte
3.8","San Francisco, CA",-1,-1,-1,-1,-1,-1,-1,-1
-1,$84K - $2L (Employer provided),"An active Adobe Workfront certification (project manager or core developer professional) along with other Adobe Experience Cloud certification (Adobe Experience…&hellip;
Skills: Business consulting, Analysis skills, Requirements analysis, User acceptance testing, Adobe Experience Manager",-1,"Deloitte
3.8","San Francisco, CA",-1,-1,-1,-1,-1,-1,-1,-1
-1,$84K - $2L (Employer provided),"An active Adobe Workfront certification (project manager or core developer professional) along with other Adobe Experience Cloud certification (Adobe Experience…&hellip;
Skills: Business consulting, Analysis skills, Requirements analysis, User acceptance testing, Adobe Experience Manager",-1,"Deloitte
3.8","San Francisco, CA",-1,-1,-1,-1,-1,-1,-1,-1
-1,$84K - $2L (Employer provided),"An active Adobe Workfront certification (project manager or core developer professional) along with other Adobe Experience Cloud certification (Adobe Experience…&hellip;
Skills: Business consulting, Analysis skills, Requirements analysis, User acceptance testing, Adobe Experience Manager",-1,"Deloitte
3.8","San Francisco, CA",-1,-1,-1,-1,-1,-1,-1,-1
-1,$84K - $2L (Employer provided),"An active Adobe Workfront certification (project manager or core developer professional) along with other Adobe Experience Cloud certification (Adobe Experience…&hellip;
Skills: Business consulting, Analysis skills, Requirements analysis, User acceptance testing, Adobe Experience Manager",-1,"Deloitte
3.8","San Francisco, CA",-1,-1,-1,-1,-1,-1,-1,-1
-1,$84K - $2L (Employer provided),"An active Adobe Workfront certification (project manager or core developer professional) along with other Adobe Experience Cloud certification (Adobe Experience…&hellip;
Skills: Business consulting, Analysis skills, Requirements analysis, User acceptance testing, Adobe Experience Manager",-1,"Deloitte
3.8","San Francisco, CA",-1,-1,-1,-1,-1,-1,-1,-1
-1,$84K - $2L (Employer provided),"An active Adobe Workfront certification (project manager or core developer professional) along with other Adobe Experience Cloud certification (Adobe Experience…&hellip;
Skills: Business consulting, Analysis skills, Requirements analysis, User acceptance testing, Adobe Experience Manager",-1,"Deloitte
3.8","San Francisco, CA",-1,-1,-1,-1,-1,-1,-1,-1
-1,$84K - $2L (Employer provided),"An active Adobe Workfront certification (project manager or core developer professional) along with other Adobe Experience Cloud certification (Adobe Experience…&hellip;
Skills: Business consulting, Analysis skills, Requirements analysis, User acceptance testing, Adobe Experience Manager",-1,"Deloitte
3.8","San Francisco, CA",-1,-1,-1,-1,-1,-1,-1,-1
-1,$84K - $2L (Employer provided),"An active Adobe Workfront certification (project manager or core developer professional) along with other Adobe Experience Cloud certification (Adobe Experience…&hellip;
Skills: Business consulting, Analysis skills, Requirements analysis, User acceptance testing, Adobe Experience Manager",-1,"Deloitte
3.8","San Francisco, CA",-1,-1,-1,-1,-1,-1,-1,-1
-1,$84K - $2L (Employer provided),"An active Adobe Workfront certification (project manager or core developer professional) along with other Adobe Experience Cloud certification (Adobe Experience…&hellip;
Skills: Business consulting, Analysis skills, Requirements analysis, User acceptance testing, Adobe Experience Manager",-1,"Deloitte
3.8","San Francisco, CA",-1,-1,-1,-1,-1,-1,-1,-1
-1,$84K - $2L (Employer provided),"An active Adobe Workfront certification (project manager or core developer professional) along with other Adobe Experience Cloud certification (Adobe Experience…&hellip;
Skills: Business consulting, Analysis skills, Requirements analysis, User acceptance testing, Adobe Experience Manager",-1,"Deloitte
3.8","San Francisco, CA",-1,-1,-1,-1,-1,-1,-1,-1
-1,$84K - $2L (Employer provided),"An active Adobe Workfront certification (project manager or core developer professional) along with other Adobe Experience Cloud certification (Adobe Experience…&hellip;
Skills: Business consulting, Analysis skills, Requirements analysis, User acceptance testing, Adobe Experience Manager",-1,"Deloitte
3.8","San Francisco, CA",-1,-1,-1,-1,-1,-1,-1,-1
-1,$84K - $2L (Employer provided),"An active Adobe Workfront certification (project manager or core developer professional) along with other Adobe Experience Cloud certification (Adobe Experience…&hellip;
Skills: Business consulting, Analysis skills, Requirements analysis, User acceptance testing, Adobe Experience Manager",-1,"Deloitte
3.8","San Francisco, CA",-1,-1,-1,-1,-1,-1,-1,-1
-1,$84K - $2L (Employer provided),"An active Adobe Workfront certification (project manager or core developer professional) along with other Adobe Experience Cloud certification (Adobe Experience…&hellip;
Skills: Business consulting, Analysis skills, Requirements analysis, User acceptance testing, Adobe Experience Manager",-1,"Deloitte
3.8","San Francisco, CA",-1,-1,-1,-1,-1,-1,-1,-1
-1,$84K - $2L (Employer provided),"An active Adobe Workfront certification (project manager or core developer professional) along with other Adobe Experience Cloud certification (Adobe Experience…&hellip;
Skills: Business consulting, Analysis skills, Requirements analysis, User acceptance testing, Adobe Experience Manager",-1,"Deloitte
3.8","San Francisco, CA",-1,-1,-1,-1,-1,-1,-1,-1
-1,$84K - $2L (Employer provided),"An active Adobe Workfront certification (project manager or core developer professional) along with other Adobe Experience Cloud certification (Adobe Experience…&hellip;
Skills: Business consulting, Analysis skills, Requirements analysis, User acceptance testing, Adobe Experience Manager",-1,"Deloitte
3.8","San Francisco, CA",-1,-1,-1,-1,-1,-1,-1,-1
-1,$84K - $2L (Employer provided),"An active Adobe Workfront certification (project manager or core developer professional) along with other Adobe Experience Cloud certification (Adobe Experience…&hellip;
Skills: Business consulting, Analysis skills, Requirements analysis, User acceptance testing, Adobe Experience Manager",-1,"Deloitte
3.8","San Francisco, CA",-1,-1,-1,-1,-1,-1,-1,-1
-1,$84K - $2L (Employer provided),"An active Adobe Workfront certification (project manager or core developer professional) along with other Adobe Experience Cloud certification (Adobe Experience…&hellip;
Skills: Business consulting, Analysis skills, Requirements analysis, User acceptance testing, Adobe Experience Manager",-1,"Deloitte
3.8","San Francisco, CA",-1,-1,-1,-1,-1,-1,-1,-1
-1,$84K - $2L (Employer provided),"An active Adobe Workfront certification (project manager or core developer professional) along with other Adobe Experience Cloud certification (Adobe Experience…&hellip;
Skills: Business consulting, Analysis skills, Requirements analysis, User acceptance testing, Adobe Experience Manager",-1,"Deloitte
3.8","San Francisco, CA",-1,-1,-1,-1,-1,-1,-1,-1
-1,$84K - $2L (Employer provided),"An active Adobe Workfront certification (project manager or core developer professional) along with other Adobe Experience Cloud certification (Adobe Experience…&hellip;
Skills: Business consulting, Analysis skills, Requirements analysis, User acceptance testing, Adobe Experience Manager",-1,"Deloitte
3.8","San Francisco, CA",-1,-1,-1,-1,-1,-1,-1,-1
-1,$84K - $2L (Employer provided),"An active Adobe Workfront certification (project manager or core developer professional) along with other Adobe Experience Cloud certification (Adobe Experience…&hellip;
Skills: Business consulting, Analysis skills, Requirements analysis, User acceptance testing, Adobe Experience Manager",-1,"Deloitte
3.8","San Francisco, CA",-1,-1,-1,-1,-1,-1,-1,-1
-1,$84K - $2L (Employer provided),"An active Adobe Workfront certification (project manager or core developer professional) along with other Adobe Experience Cloud certification (Adobe Experience…&hellip;
Skills: Business consulting, Analysis skills, Requirements analysis, User acceptance testing, Adobe Experience Manager",-1,"Deloitte
3.8","San Francisco, CA",-1,-1,-1,-1,-1,-1,-1,-1
-1,$84K - $2L (Employer provided),"An active Adobe Workfront certification (project manager or core developer professional) along with other Adobe Experience Cloud certification (Adobe Experience…&hellip;
Skills: Business consulting, Analysis skills, Requirements analysis, User acceptance testing, Adobe Experience Manager",-1,"Deloitte
3.8","San Francisco, CA",-1,-1,-1,-1,-1,-1,-1,-1
-1,$84K - $2L (Employer provided),"An active Adobe Workfront certification (project manager or core developer professional) along with other Adobe Experience Cloud certification (Adobe Experience…&hellip;
Skills: Business consulting, Analysis skills, Requirements analysis, User acceptance testing, Adobe Experience Manager",-1,"Deloitte
3.8","San Francisco, CA",-1,-1,-1,-1,-1,-1,-1,-1
-1,$84K - $2L (Employer provided),"An active Adobe Workfront certification (project manager or core developer professional) along with other Adobe Experience Cloud certification (Adobe Experience…&hellip;
Skills: Business consulting, Analysis skills, Requirements analysis, User acceptance testing, Adobe Experience Manager",-1,"Deloitte
3.8","San Francisco, CA",-1,-1,-1,-1,-1,-1,-1,-1
-1,$84K - $2L (Employer provided),"An active Adobe Workfront certification (project manager or core developer professional) along with other Adobe Experience Cloud certification (Adobe Experience…&hellip;
Skills: Business consulting, Analysis skills, Requirements analysis, User acceptance testing, Adobe Experience Manager",-1,"Deloitte
3.8","San Francisco, CA",-1,-1,-1,-1,-1,-1,-1,-1
-1,$84K - $2L (Employer provided),"An active Adobe Workfront certification (project manager or core developer professional) along with other Adobe Experience Cloud certification (Adobe Experience…&hellip;
Skills: Business consulting, Analysis skills, Requirements analysis, User acceptance testing, Adobe Experience Manager",-1,"Deloitte
3.8","San Francisco, CA",-1,-1,-1,-1,-1,-1,-1,-1
-1,$84K - $2L (Employer provided),"An active Adobe Workfront certification (project manager or core developer professional) along with other Adobe Experience Cloud certification (Adobe Experience…&hellip;
Skills: Business consulting, Analysis skills, Requirements analysis, User acceptance testing, Adobe Experience Manager",-1,"Deloitte
3.8","San Francisco, CA",-1,-1,-1,-1,-1,-1,-1,-1
-1,$84K - $2L (Employer provided),"An active Adobe Workfront certification (project manager or core developer professional) along with other Adobe Experience Cloud certification (Adobe Experience…&hellip;
Skills: Business consulting, Analysis skills, Requirements analysis, User acceptance testing, Adobe Experience Manager",-1,"Deloitte
3.8","San Francisco, CA",-1,-1,-1,-1,-1,-1,-1,-1
-1,$84K - $2L (Employer provided),"An active Adobe Workfront certification (project manager or core developer professional) along with other Adobe Experience Cloud certification (Adobe Experience…&hellip;
Skills: Business consulting, Analysis skills, Requirements analysis, User acceptance testing, Adobe Experience Manager",-1,"Deloitte
3.8","San Francisco, CA",-1,-1,-1,-1,-1,-1,-1,-1
